date_start,date_stop,account_name,campaign_name,adset_name,ad_name,spend,impressions,reach,clicks,ctr,cpc,cpm,follows,cost_per_follow,actions_raw,cost_per_action_type_raw,device_platform,action__link_click,action__onsite_conversion.messaging_conversation_started_7d,action__onsite_conversion.messaging_first_reply,action__onsite_conversion.post_net_like,action__onsite_conversion.post_net_save,action__onsite_conversion.post_save,action__onsite_conversion.post_unlike,action__onsite_conversion.total_messaging_connection,action__page_engagement,action__post,action__post_engagement,action__post_interaction_gross,action__post_reaction,action__video_view,cost_per_action__link_click,cost_per_action__onsite_conversion.messaging_conversation_started_7d,cost_per_action__onsite_conversion.messaging_first_reply,cost_per_action__onsite_conversion.total_messaging_connection,cost_per_action__page_engagement,cost_per_action__post_engagement,cost_per_action__post_interaction_gross,cost_per_action__video_view
2026-03-08,2026-03-08,TSSAds,1,New Traffic Ad set with recommended settings,1,1.16,196,195,5,2.55102,0.232,5.918367,0,,"[{""action_type"":""link_click"",""value"":""5""},{""action_type"":""page_engagement"",""value"":""79""},{""action_type"":""post_engagement"",""value"":""79""},{""action_type"":""post_interaction_gross"",""value"":""2""},{""action_type"":""onsite_conversion.post_save"",""value"":""1""},{""action_type"":""onsite_conversion.post_net_like"",""value"":""1""},{""action_type"":""onsite_conversion.post_net_save"",""value"":""1""},{""action_type"":""video_view"",""value"":""72""},{""action_type"":""post_reaction"",""value"":""1""}]","[{""action_type"":""video_view"",""value"":""0.016111""},{""action_type"":""link_click"",""value"":""0.232""},{""action_type"":""post_interaction_gross"",""value"":""0.58""},{""action_type"":""post_engagement"",""value"":""0.014684""},{""action_type"":""page_engagement"",""value"":""0.014684""}]",mobile_app,5.0,,,1.0,1.0,1.0,,,79.0,,79.0,2.0,1.0,72.0,0.232,,,,0.014684,0.014684,0.58,0.016111
2026-03-08,2026-03-08,TSSAds,1,Test - New Traffic Ad set with recommended settings,1,1.04,148,147,6,4.054054,0.173333,7.027027,0,,"[{""action_type"":""link_click"",""value"":""6""},{""action_type"":""page_engagement"",""value"":""61""},{""action_type"":""post_engagement"",""value"":""61""},{""action_type"":""post_interaction_gross"",""value"":""2""},{""action_type"":""onsite_conversion.post_net_like"",""value"":""2""},{""action_type"":""video_view"",""value"":""53""},{""action_type"":""post_reaction"",""value"":""2""}]","[{""action_type"":""video_view"",""value"":""0.019623""},{""action_type"":""link_click"",""value"":""0.173333""},{""action_type"":""post_interaction_gross"",""value"":""0.52""},{""action_type"":""post_engagement"",""value"":""0.017049""},{""action_type"":""page_engagement"",""value"":""0.017049""}]",mobile_app,6.0,,,2.0,,,,,61.0,,61.0,2.0,2.0,53.0,0.173333,,,,0.017049,0.017049,0.52,0.019623
2026-03-08,2026-03-08,TSSAds,2,New Traffic Ad set with recommended settings,1,0.26,50,50,1,2,0.26,5.2,0,,"[{""action_type"":""link_click"",""value"":""1""},{""action_type"":""page_engagement"",""value"":""17""},{""action_type"":""post_engagement"",""value"":""17""},{""action_type"":""video_view"",""value"":""16""}]","[{""action_type"":""video_view"",""value"":""0.01625""},{""action_type"":""link_click"",""value"":""0.26""},{""action_type"":""post_engagement"",""value"":""0.015294""},{""action_type"":""page_engagement"",""value"":""0.015294""}]",mobile_app,1.0,,,,,,,,17.0,,17.0,,,16.0,0.26,,,,0.015294,0.015294,,0.01625
2026-03-08,2026-03-08,TSSAds,2,Test - New Traffic Ad set with recommended settings,1,1.81,268,268,19,7.089552,0.095263,6.753731,0,,"[{""action_type"":""link_click"",""value"":""19""},{""action_type"":""page_engagement"",""value"":""131""},{""action_type"":""post_engagement"",""value"":""131""},{""action_type"":""post_interaction_gross"",""value"":""5""},{""action_type"":""post"",""value"":""1""},{""action_type"":""onsite_conversion.post_net_like"",""value"":""4""},{""action_type"":""video_view"",""value"":""107""},{""action_type"":""post_reaction"",""value"":""4""}]","[{""action_type"":""video_view"",""value"":""0.016916""},{""action_type"":""link_click"",""value"":""0.095263""},{""action_type"":""post_interaction_gross"",""value"":""0.362""},{""action_type"":""post_engagement"",""value"":""0.013817""},{""action_type"":""page_engagement"",""value"":""0.013817""}]",mobile_app,19.0,,,4.0,,,,,131.0,1.0,131.0,5.0,4.0,107.0,0.095263,,,,0.013817,0.013817,0.362,0.016916
2026-03-09,2026-03-09,TSSAds,1,New Traffic Ad set with recommended settings,1,6.25,978,978,48,4.907975,0.130208,6.390593,0,,"[{""action_type"":""link_click"",""value"":""47""},{""action_type"":""page_engagement"",""value"":""442""},{""action_type"":""post_engagement"",""value"":""442""},{""action_type"":""post_interaction_gross"",""value"":""20""},{""action_type"":""post"",""value"":""4""},{""action_type"":""onsite_conversion.post_save"",""value"":""1""},{""action_type"":""onsite_conversion.post_net_like"",""value"":""15""},{""action_type"":""onsite_conversion.post_net_save"",""value"":""1""},{""action_type"":""video_view"",""value"":""375""},{""action_type"":""post_reaction"",""value"":""15""}]","[{""action_type"":""video_view"",""value"":""0.016667""},{""action_type"":""link_click"",""value"":""0.132979""},{""action_type"":""post_interaction_gross"",""value"":""0.3125""},{""action_type"":""post_engagement"",""value"":""0.01414""},{""action_type"":""page_engagement"",""value"":""0.01414""}]",mobile_app,47.0,,,15.0,1.0,1.0,,,442.0,4.0,442.0,20.0,15.0,375.0,0.132979,,,,0.01414,0.01414,0.3125,0.016667
2026-03-09,2026-03-09,TSSAds,1,Test - New Traffic Ad set with recommended settings,1,6.65,1039,1039,79,7.603465,0.084177,6.400385,0,,"[{""action_type"":""link_click"",""value"":""79""},{""action_type"":""page_engagement"",""value"":""542""},{""action_type"":""onsite_conversion.post_unlike"",""value"":""1""},{""action_type"":""post_engagement"",""value"":""542""},{""action_type"":""post_interaction_gross"",""value"":""29""},{""action_type"":""post"",""value"":""4""},{""action_type"":""onsite_conversion.post_save"",""value"":""3""},{""action_type"":""onsite_conversion.post_net_like"",""value"":""21""},{""action_type"":""onsite_conversion.post_net_save"",""value"":""3""},{""action_type"":""video_view"",""value"":""434""},{""action_type"":""post_reaction"",""value"":""22""}]","[{""action_type"":""video_view"",""value"":""0.015323""},{""action_type"":""link_click"",""value"":""0.084177""},{""action_type"":""post_interaction_gross"",""value"":""0.22931""},{""action_type"":""post_engagement"",""value"":""0.012269""},{""action_type"":""page_engagement"",""value"":""0.012269""}]",mobile_app,79.0,,,21.0,3.0,3.0,1.0,,542.0,4.0,542.0,29.0,22.0,434.0,0.084177,,,,0.012269,0.012269,0.22931,0.015323
2026-03-09,2026-03-09,TSSAds,2,New Traffic Ad set with recommended settings,1,4.82,730,721,23,3.150685,0.209565,6.60274,0,,"[{""action_type"":""link_click"",""value"":""23""},{""action_type"":""page_engagement"",""value"":""306""},{""action_type"":""onsite_conversion.post_unlike"",""value"":""1""},{""action_type"":""post_engagement"",""value"":""306""},{""action_type"":""post_interaction_gross"",""value"":""10""},{""action_type"":""post"",""value"":""4""},{""action_type"":""onsite_conversion.post_net_like"",""value"":""5""},{""action_type"":""video_view"",""value"":""273""},{""action_type"":""post_reaction"",""value"":""6""}]","[{""action_type"":""video_view"",""value"":""0.017656""},{""action_type"":""link_click"",""value"":""0.209565""},{""action_type"":""post_interaction_gross"",""value"":""0.482""},{""action_type"":""post_engagement"",""value"":""0.015752""},{""action_type"":""page_engagement"",""value"":""0.015752""}]",mobile_app,23.0,,,5.0,,,1.0,,306.0,4.0,306.0,10.0,6.0,273.0,0.209565,,,,0.015752,0.015752,0.482,0.017656
2026-03-09,2026-03-09,TSSAds,2,Test - New Traffic Ad set with recommended settings,1,7.21,1068,1056,83,7.771536,0.086867,6.750936,0,,"[{""action_type"":""link_click"",""value"":""84""},{""action_type"":""page_engagement"",""value"":""528""},{""action_type"":""post_engagement"",""value"":""528""},{""action_type"":""post_interaction_gross"",""value"":""26""},{""action_type"":""post"",""value"":""2""},{""action_type"":""onsite_conversion.post_save"",""value"":""1""},{""action_type"":""onsite_conversion.post_net_like"",""value"":""23""},{""action_type"":""onsite_conversion.post_net_save"",""value"":""1""},{""action_type"":""video_view"",""value"":""418""},{""action_type"":""post_reaction"",""value"":""23""}]","[{""action_type"":""video_view"",""value"":""0.017249""},{""action_type"":""link_click"",""value"":""0.085833""},{""action_type"":""post_interaction_gross"",""value"":""0.277308""},{""action_type"":""post_engagement"",""value"":""0.013655""},{""action_type"":""page_engagement"",""value"":""0.013655""}]",mobile_app,84.0,,,23.0,1.0,1.0,,,528.0,2.0,528.0,26.0,23.0,418.0,0.085833,,,,0.013655,0.013655,0.277308,0.017249
2026-03-10,2026-03-10,TSSAds,1,New Traffic Ad set with recommended settings,1,4.38,627,625,33,5.263158,0.132727,6.985646,0,,"[{""action_type"":""onsite_conversion.total_messaging_connection"",""value"":""1""},{""action_type"":""link_click"",""value"":""33""},{""action_type"":""page_engagement"",""value"":""330""},{""action_type"":""post_engagement"",""value"":""330""},{""action_type"":""post_interaction_gross"",""value"":""14""},{""action_type"":""post"",""value"":""3""},{""action_type"":""onsite_conversion.post_save"",""value"":""1""},{""action_type"":""onsite_conversion.post_net_like"",""value"":""10""},{""action_type"":""onsite_conversion.post_net_save"",""value"":""1""},{""action_type"":""onsite_conversion.messaging_first_reply"",""value"":""1""},{""action_type"":""onsite_conversion.messaging_conversation_started_7d"",""value"":""1""},{""action_type"":""video_view"",""value"":""283""},{""action_type"":""post_reaction"",""value"":""10""}]","[{""action_type"":""onsite_conversion.total_messaging_connection"",""value"":""4.38""},{""action_type"":""video_view"",""value"":""0.015477""},{""action_type"":""link_click"",""value"":""0.132727""},{""action_type"":""post_interaction_gross"",""value"":""0.312857""},{""action_type"":""post_engagement"",""value"":""0.013273""},{""action_type"":""page_engagement"",""value"":""0.013273""},{""action_type"":""onsite_conversion.messaging_first_reply"",""value"":""4.38""},{""action_type"":""onsite_conversion.messaging_conversation_started_7d"",""value"":""4.38""}]",mobile_app,33.0,1.0,1.0,10.0,1.0,1.0,,1.0,330.0,3.0,330.0,14.0,10.0,283.0,0.132727,4.38,4.38,4.38,0.013273,0.013273,0.312857,0.015477
2026-03-10,2026-03-10,TSSAds,1,Test - New Traffic Ad set with recommended settings,1,4.23,607,605,40,6.589786,0.10575,6.968699,0,,"[{""action_type"":""link_click"",""value"":""42""},{""action_type"":""page_engagement"",""value"":""317""},{""action_type"":""post_engagement"",""value"":""317""},{""action_type"":""post_interaction_gross"",""value"":""15""},{""action_type"":""post"",""value"":""1""},{""action_type"":""onsite_conversion.post_save"",""value"":""1""},{""action_type"":""onsite_conversion.post_net_like"",""value"":""13""},{""action_type"":""onsite_conversion.post_net_save"",""value"":""1""},{""action_type"":""video_view"",""value"":""260""},{""action_type"":""post_reaction"",""value"":""13""}]","[{""action_type"":""video_view"",""value"":""0.016269""},{""action_type"":""link_click"",""value"":""0.100714""},{""action_type"":""post_interaction_gross"",""value"":""0.282""},{""action_type"":""post_engagement"",""value"":""0.013344""},{""action_type"":""page_engagement"",""value"":""0.013344""}]",mobile_app,42.0,,,13.0,1.0,1.0,,,317.0,1.0,317.0,15.0,13.0,260.0,0.100714,,,,0.013344,0.013344,0.282,0.016269
2026-03-10,2026-03-10,TSSAds,2,New Traffic Ad set with recommended settings,1,4.24,538,538,26,4.832714,0.163077,7.881041,0,,"[{""action_type"":""link_click"",""value"":""28""},{""action_type"":""page_engagement"",""value"":""249""},{""action_type"":""post_engagement"",""value"":""249""},{""action_type"":""post_interaction_gross"",""value"":""5""},{""action_type"":""onsite_conversion.post_save"",""value"":""1""},{""action_type"":""onsite_conversion.post_net_like"",""value"":""4""},{""action_type"":""onsite_conversion.post_net_save"",""value"":""1""},{""action_type"":""video_view"",""value"":""216""},{""action_type"":""post_reaction"",""value"":""4""}]","[{""action_type"":""video_view"",""value"":""0.01963""},{""action_type"":""link_click"",""value"":""0.151429""},{""action_type"":""post_interaction_gross"",""value"":""0.848""},{""action_type"":""post_engagement"",""value"":""0.017028""},{""action_type"":""page_engagement"",""value"":""0.017028""}]",mobile_app,28.0,,,4.0,1.0,1.0,,,249.0,,249.0,5.0,4.0,216.0,0.151429,,,,0.017028,0.017028,0.848,0.01963
2026-03-10,2026-03-10,TSSAds,2,Test - New Traffic Ad set with recommended settings,1,4.51,610,610,49,8.032787,0.092041,7.393443,0,,"[{""action_type"":""link_click"",""value"":""48""},{""action_type"":""page_engagement"",""value"":""353""},{""action_type"":""onsite_conversion.post_unlike"",""value"":""1""},{""action_type"":""post_engagement"",""value"":""353""},{""action_type"":""post_interaction_gross"",""value"":""19""},{""action_type"":""post"",""value"":""4""},{""action_type"":""onsite_conversion.post_net_like"",""value"":""14""},{""action_type"":""video_view"",""value"":""286""},{""action_type"":""post_reaction"",""value"":""15""}]","[{""action_type"":""video_view"",""value"":""0.015769""},{""action_type"":""link_click"",""value"":""0.093958""},{""action_type"":""post_interaction_gross"",""value"":""0.237368""},{""action_type"":""post_engagement"",""value"":""0.012776""},{""action_type"":""page_engagement"",""value"":""0.012776""}]",mobile_app,48.0,,,14.0,,,1.0,,353.0,4.0,353.0,19.0,15.0,286.0,0.093958,,,,0.012776,0.012776,0.237368,0.015769
